word,frequency,first-appearance,last-appearance
the,204,1.00,1.01
was,114,1.00,1.01
a,100,1.00,1.01
and,96,1.00,1.01
her,81,1.00,1.01
she,74,1.00,1.01
to,73,1.00,1.01
of,66,1.00,1.01
it,54,1.00,1.01
Erin,53,1.01,1.01
in,43,1.00,1.01
The,32,1.00,1.01
at,32,1.00,1.01
had,30,1.00,1.01
She,30,1.00,1.01
that,29,1.00,1.01
inn,26,1.00,1.01
It,22,1.00,1.01
on,22,1.00,1.01
But,22,1.00,1.01
as,20,1.00,1.01
up,19,1.00,1.01
with,17,1.00,1.01
room,17,1.00,1.01
there,16,1.00,1.01
not,16,1.00,1.01
could,16,1.00,1.01
this,15,1.00,1.01
one,14,1.00,1.01
she’d,14,1.00,1.01
dark,13,1.00,1.01
around,13,1.00,1.01
but,13,1.00,1.01
back,13,1.00,1.01
be,13,1.00,1.01
been,13,1.00,1.01
least,13,1.00,1.01
dustrag,13,1.01,1.01
dust,12,1.00,1.01
heart,12,1.01,1.01
all,11,1.00,1.01
for,11,1.00,1.01
place,11,1.00,1.01
would,11,1.00,1.01
felt,11,1.00,1.01
herself,11,1.00,1.01
So,11,1.00,1.01
found,11,1.01,1.01
looked,11,1.01,1.01
floor,11,1.01,1.01
an,10,1.00,1.01
young,10,1.00,1.01
made,10,1.01,1.01
just,10,1.01,1.01
still,9,1.00,1.01
And,9,1.00,1.01
woman,9,1.00,1.01
world,9,1.00,1.01
into,9,1.00,1.01
first,9,1.00,1.01
like,9,1.00,1.01
empty,8,1.00,1.01
wasn’t,8,1.00,1.01
Her,8,1.00,1.01
After,8,1.00,1.01
no,8,1.00,1.01
time,8,1.00,1.01
outside,8,1.00,1.01
very,8,1.00,1.01
bucket,8,1.01,1.01
A,7,1.00,1.01
were,7,1.00,1.01
from,7,1.00,1.01
what,7,1.00,1.01
thought,7,1.00,1.01
or,7,1.00,1.01
probably,7,1.00,1.01
I,7,1.00,1.01
if,7,1.00,1.01
sat,7,1.00,1.01
That,7,1.00,1.01
only,7,1.00,1.01
have,7,1.01,1.01
Dragon,7,1.01,1.01
then,7,1.01,1.01
off,7,1.01,1.01
tables,7,1.01,1.01
find,6,1.00,1.01
something,6,1.00,1.01
long,6,1.00,1.01
door,6,1.00,1.01
second,6,1.00,1.01
She’d,6,1.00,1.01
going,6,1.00,1.01
eyes,6,1.00,1.01
rain,6,1.00,1.01
here,6,1.00,1.01
really,6,1.00,1.01
is,6,1.01,1.01
so,6,1.01,1.01
At,6,1.01,1.01
didn’t,6,1.01,1.01
kind,6,1.01,1.01
bar,6,1.01,1.01
other,5,1.00,1.01
ground,5,1.00,1.01
way,5,1.00,1.01
did,5,1.00,1.01
,5,1.00,1.01
rest,5,1.00,1.01
else,5,1.00,1.01
In,5,1.00,1.01
girl,5,1.00,1.01
go,5,1.00,1.01
against,5,1.00,1.01
tried,5,1.00,1.01
darkness,5,1.00,1.01
There,5,1.00,1.01
some,5,1.00,1.01
began,5,1.00,1.01
opened,5,1.00,1.01
No,5,1.01,1.01
hadn’t,5,1.01,1.01
step,5,1.01,1.01
This,5,1.01,1.01
another,5,1.01,1.01
If,5,1.01,1.01
out,5,1.01,1.01
clean,5,1.01,1.01
down,5,1.01,1.01
nothing,5,1.01,1.01
table,5,1.01,1.01
walls,4,1.00,1.01
few,4,1.00,1.01
For,4,1.00,1.01
burned,4,1.00,1.01
right,4,1.00,1.01
fabric,4,1.00,1.01
legs,4,1.00,1.01
by,4,1.00,1.01
every,4,1.00,1.01
hungry,4,1.00,1.01
name,4,1.00,1.01
traveler,4,1.00,1.01
creaked,4,1.00,1.01
common,4,1.00,1.01
where,4,1.00,1.01
However,4,1.00,1.01
known,4,1.00,1.01
wrong,4,1.00,1.01
decided,4,1.00,1.01
bathroom,4,1.01,1.01
took,4,1.01,1.01
start,4,1.01,1.01
see,4,1.01,1.01
Erin’s,4,1.01,1.01
even,4,1.01,1.01
head,4,1.01,1.01
wood,4,1.01,1.01
staircase,4,1.01,1.01
run,4,1.01,1.01
dusty,4,1.01,1.01
chairs,4,1.01,1.01
should,4,1.01,1.01
Now,4,1.01,1.01
Then,4,1.01,1.01
paused,4,1.01,1.01
cleaning,4,1.01,1.01
water,4,1.01,1.01
stairs,4,1.01,1.01
better,4,1.01,1.01
cleaned,4,1.01,1.01
stood,3,1.00,1.00
buildings,3,1.00,1.00
wooden,3,1.00,1.01
cuts,3,1.00,1.01
building,3,1.00,1.01
Or,3,1.00,1.01
kept,3,1.00,1.01
night,3,1.00,1.01
over,3,1.00,1.01
away,3,1.00,1.01
ago,3,1.00,1.01
Slowly,3,1.00,1.00
simple,3,1.00,1.01
happened,3,1.00,1.01
deserted,3,1.00,1.00
layer,3,1.00,1.01
covered,3,1.00,1.01
sighed,3,1.00,1.01
forehead,3,1.00,1.01
when,3,1.00,1.01
people,3,1.00,1.01
might,3,1.00,1.01
hers,3,1.00,1.01
fit,3,1.00,1.01
though,3,1.00,1.01
closed,3,1.00,1.01
became,3,1.00,1.00
sound,3,1.00,1.01
noise,3,1.00,1.01
now,3,1.00,1.01
I’m,3,1.00,1.01
feet,3,1.01,1.01
dream,3,1.01,1.01
good,3,1.01,1.01
hoped,3,1.01,1.01
well,3,1.01,1.01
To,3,1.01,1.01
any,3,1.01,1.01
stepping,3,1.01,1.01
insane,3,1.01,1.01
already,3,1.01,1.01
tossed,3,1.01,1.01
more,3,1.01,1.01
having,3,1.01,1.01
too,3,1.01,1.01
behind,3,1.01,1.01
do,3,1.01,1.01
panic,3,1.01,1.01
mind,3,1.01,1.01
entire,3,1.01,1.01
wet,3,1.01,1.01
maybe,3,1.01,1.01
Well,3,1.01,1.01
stupid,3,1.01,1.01
Goblins,3,1.01,1.01
bit,3,1.01,1.01
shadows,3,1.01,1.01
fear,3,1.01,1.01
Dustrag,3,1.01,1.01
far,3,1.01,1.01
making,3,1.01,1.01
wind,3,1.01,1.01
once,3,1.01,1.01
white,3,1.01,1.01
started,3,1.01,1.01
terrifying,3,1.01,1.01
curtain,3,1.01,1.01
about,3,1.01,1.01
went,3,1.01,1.01
everything,3,1.01,1.01
until,3,1.01,1.01
light,3,1.01,1.01
ruins,2,1.00,1.00
brought,2,1.00,1.01
low,2,1.00,1.01
waiting,2,1.00,1.00
someone,2,1.00,1.00
stumbled,2,1.00,1.00
through,2,1.00,1.00
hill,2,1.00,1.00
shaking,2,1.00,1.01
air,2,1.00,1.01
arm,2,1.00,1.00
shoulder,2,1.00,1.01
open,2,1.00,1.00
years,2,1.00,1.00
begin,2,1.00,1.00
inn’s,2,1.00,1.01
glow,2,1.00,1.01
desperate,2,1.00,1.01
held,2,1.00,1.01
windows,2,1.00,1.01
towards,2,1.00,1.01
Nothing,2,1.00,1.01
pushed,2,1.00,1.00
instincts,2,1.00,1.01
drink,2,1.00,1.01
normally,2,1.00,1.01
thick,2,1.00,1.01
surface,2,1.00,1.01
it’s,2,1.00,1.01
leaned,2,1.00,1.01
strength,2,1.00,1.01
exhausted,2,1.00,1.01
burns,2,1.00,1.01
seen,2,1.00,1.00
since,2,1.00,1.01
came,2,1.00,1.01
upright,2,1.00,1.01
huge,2,1.00,1.01
things,2,1.00,1.01
Monsters,2,1.00,1.00
stepped,2,1.00,1.01
chair,2,1.00,1.01
coughing,2,1.00,1.01
tired,2,1.00,1.00
safety,2,1.00,1.00
moment,2,1.00,1.00
hard,2,1.00,1.01
avoided,2,1.00,1.01
pain,2,1.00,1.01
voice,2,1.00,1.01
travel,2,1.01,1.01
face,2,1.01,1.01
because,2,1.01,1.01
instead,2,1.01,1.01
seeing,2,1.01,1.01
comforting,2,1.01,1.01
pounding,2,1.01,1.01
remembered,2,1.01,1.01
much,2,1.01,1.01
than,2,1.01,1.01
reality,2,1.01,1.01
deep,2,1.01,1.01
breath,2,1.01,1.01
coughed,2,1.01,1.01
First,2,1.01,1.01
easy,2,1.01,1.01
pockets,2,1.01,1.01
who,2,1.01,1.01
their,2,1.01,1.01
full,2,1.01,1.01
green,2,1.01,1.01
men,2,1.01,1.01
How,2,1.01,1.01
being,2,1.01,1.01
although,2,1.01,1.01
situation,2,1.01,1.01
case,2,1.01,1.01
those,2,1.01,1.01
quite,2,1.01,1.01
loud,2,1.01,1.01
anything,2,1.01,1.01
strange,2,1.01,1.01
before,2,1.01,1.01
Really,2,1.01,1.01
large,2,1.01,1.01
feel,2,1.01,1.01
counter,2,1.01,1.01
end,2,1.01,1.01
gave,2,1.01,1.01
Time,2,1.01,1.01
hand,2,1.01,1.01
throat,2,1.01,1.01
cloud,2,1.01,1.01
Where,2,1.01,1.01
lost,2,1.01,1.01
dirty,2,1.01,1.01
coming,2,1.01,1.01
look,2,1.01,1.01
rag,2,1.01,1.01
come,2,1.01,1.01
cloth,2,1.01,1.01
left,2,1.01,1.01
stairwell,2,1.01,1.01
monster,2,1.01,1.01
seemed,2,1.01,1.01
heard,2,1.01,1.01
Come,2,1.01,1.01
You,2,1.01,1.01
Okay,2,1.01,1.01
Don’t,2,1.01,1.01
thing,2,1.01,1.01
small,2,1.01,1.01
aliens,2,1.01,1.01
you,2,1.01,1.01
they,2,1.01,1.01
laugh,2,1.01,1.01
faded,2,1.01,1.01
knew,2,1.01,1.01
eat,2,1.01,1.01
minute,2,1.01,1.01
dustrag…,2,1.01,1.01
needed,2,1.01,1.01
climbing,2,1.01,1.01
two,2,1.01,1.01
terrible,2,1.01,1.01
chest,2,1.01,1.01
pale,2,1.01,1.01
itself,2,1.01,1.01
wildly,2,1.01,1.01
arms,2,1.01,1.01
grey,2,1.01,1.01
next,2,1.01,1.01
onto,2,1.01,1.01
finished,2,1.01,1.01
enough,2,1.01,1.01
surfaces,2,1.01,1.01
reflected,2,1.01,1.01
Clean,2,1.01,1.01
Yes,2,1.01,1.01
Maybe,2,1.01,1.01
[Innkeeper,2,1.01,1.01
[Skill,2,1.01,1.01
–,2,1.01,1.01
Basic,2,1.01,1.01
obtained!],2,1.01,1.01
silent,1,1.00,1.00
grassy,1,1.00,1.00
hilltop,1,1.00,1.00
structures,1,1.00,1.00
Rot,1,1.00,1.00
age,1,1.00,1.00
weather,1,1.00,1.00
wildlife,1,1.00,1.00
reduced,1,1.00,1.00
stone,1,1.00,1.00
foundations,1,1.00,1.00
rubble,1,1.00,1.00
stout,1,1.00,1.00
rotten,1,1.00,1.00
pieces,1,1.00,1.00
timber,1,1.00,1.00
mixed,1,1.00,1.00
Not,1,1.00,1.00
sentient,1,1.00,1.00
thinking,1,1.00,1.00
wait,1,1.00,1.00
purpose,1,1.00,1.00
grass,1,1.00,1.00
knees,1,1.00,1.00
gasping,1,1.00,1.00
lungs,1,1.00,1.00
Smoke,1,1.00,1.00
rising,1,1.00,1.00
charred,1,1.00,1.00
bleeding,1,1.00,1.00
Several,1,1.00,1.00
shallow,1,1.00,1.00
torn,1,1.00,1.00
pants,1,1.00,1.00
climbed,1,1.00,1.00
Because,1,1.00,1.00
mistaking,1,1.00,1.00
Despite,1,1.00,1.00
among,1,1.00,1.00
mostly,1,1.00,1.00
untouched,1,1.00,1.00
passage,1,1.00,1.00
construction,1,1.00,1.00
superior,1,1.00,1.00
perhaps,1,1.00,1.00
standing,1,1.00,1.00
Regardless,1,1.00,1.00
attracted,1,1.00,1.00
merely,1,1.00,1.00
symbol,1,1.00,1.00
From,1,1.00,1.00
meet,1,1.00,1.00
meeting,1,1.00,1.00
point,1,1.00,1.00
which,1,1.00,1.00
epic,1,1.00,1.00
quests,1,1.00,1.00
hearth,1,1.00,1.00
fire,1,1.00,1.00
warm,1,1.00,1.00
beacon,1,1.00,1.00
weary,1,1.00,1.00
signboard,1,1.00,1.00
rotted,1,1.00,1.00
worn,1,1.00,1.00
whatever,1,1.00,1.00
shuttered,1,1.00,1.00
nowhere,1,1.00,1.00
hesitantly,1,1.00,1.00
pulled,1,1.00,1.00
handle,1,1.00,1.00
Mustering,1,1.00,1.00
courage,1,1.00,1.00
peered,1,1.00,1.00
black,1,1.00,1.00
beyond,1,1.00,1.00
told,1,1.00,1.00
food,1,1.00,1.00
served,1,1.00,1.00
Of,1,1.00,1.00
course,1,1.00,1.00
intruder,1,1.00,1.00
doorframe,1,1.00,1.00
rested,1,1.00,1.00
wincing,1,1.00,1.00
cry,1,1.00,1.00
afar,1,1.00,1.00
hoped—,1,1.00,1.00
Ever,1,1.00,1.00
everything’s,1,1.00,1.00
huh,1,1.00,1.00
walked,1,1.00,1.00
further,1,1.00,1.00
gaped,1,1.00,1.00
darkly,1,1.00,1.00
absorbing,1,1.00,1.00
footfalls,1,1.00,1.00
looming,1,1.00,1.00
built,1,1.00,1.00
hold,1,1.00,1.00
crowds,1,1.00,1.00
cavernous,1,1.00,1.00
swallow,1,1.00,1.00
Inside,1,1.00,1.00
Outside,1,1.00,1.00
worse,1,1.00,1.00
them,1,1.00,1.00
unfamiliar,1,1.00,1.00
collapsed,1,1.00,1.00
plume,1,1.00,1.00
rose,1,1.00,1.00
burst,1,1.00,1.00
overwhelming,1,1.00,1.00
life,1,1.00,1.00
called,1,1.00,1.00
Its,1,1.00,1.00
offered,1,1.00,1.00
cold,1,1.00,1.00
pattered,1,1.00,1.00
rooftops,1,1.00,1.00
seeped,1,1.00,1.00
cracks,1,1.00,1.00
Tapping,1,1.00,1.00
dripping,1,1.00,1.00
woman’s,1,1.00,1.00
crack,1,1.00,1.00
pattering,1,1.00,1.00
rush,1,1.00,1.00
shower,1,1.00,1.00
heavy,1,1.00,1.00
downpour,1,1.00,1.00
misfortune,1,1.00,1.00
peaceful,1,1.00,1.00
injuries,1,1.00,1.00
fade,1,1.00,1.00
rainfall,1,1.00,1.00
background,1,1.00,1.00
relax,1,1.00,1.00
ages,1,1.00,1.00
nagged,1,1.00,1.00
addressed,1,1.00,1.00
Thus,1,1.00,1.00
legendary,1,1.00,1.00
tale,1,1.00,1.00
Wandering,1,1.00,1.00
Inn,1,1.00,1.00
minutes,1,1.01,1.01
intended,1,1.01,1.01
anywhere,1,1.01,1.01
tonight,1,1.01,1.01
frowned,1,1.01,1.01
rubbed,1,1.01,1.01
and…she,1,1.01,1.01
must,1,1.01,1.01
taken,1,1.01,1.01
somewhere,1,1.01,1.01
big,1,1.01,1.01
walking,1,1.01,1.01
sight,1,1.01,1.01
porcelain,1,1.01,1.01
she’s,1,1.01,1.01
suddenly,1,1.01,1.01
cave,1,1.01,1.01
nose-to-nose,1,1.01,1.01
a—,1,1.01,1.01
shot,1,1.01,1.01
memory,1,1.01,1.01
fresh,1,1.01,1.01
arm—she,1,1.01,1.01
winced,1,1.01,1.01
easier,1,1.01,1.01
explain,1,1.01,1.01
reluctant,1,1.01,1.01
Dusty,1,1.01,1.01
Ahem,1,1.01,1.01
rationalize,1,1.01,1.01
happening,1,1.01,1.01
Who,1,1.01,1.01
am,1,1.01,1.01
Check,1,1.01,1.01
We’re,1,1.01,1.01
smiled,1,1.01,1.01
weakly,1,1.01,1.01
That’s,1,1.01,1.01
Solstice,1,1.01,1.01
forget,1,1.01,1.01
object,1,1.01,1.01
parts,1,1.01,1.01
instance,1,1.01,1.01
boy’s,1,1.01,1.01
poked,1,1.01,1.01
frown,1,1.01,1.01
Yep,1,1.01,1.01
Glad,1,1.01,1.01
change,1,1.01,1.01
Now…inventory,1,1.01,1.01
check,1,1.01,1.01
had…two,1,1.01,1.01
Wonderful,1,1.01,1.01
smartphone,1,1.01,1.01
carried,1,1.01,1.01
phones,1,1.01,1.01
Everyone,1,1.01,1.01
sensible,1,1.01,1.01
that’s,1,1.01,1.01
Most,1,1.01,1.01
journeys,1,1.01,1.01
prepared,1,1.01,1.01
ended,1,1.01,1.01
along,1,1.01,1.01
backpack,1,1.01,1.01
crammed,1,1.01,1.01
essentials,1,1.01,1.01
gun,1,1.01,1.01
fight,1,1.01,1.01
little,1,1.01,1.01
planned,1,1.01,1.01
adventure,1,1.01,1.01
happen,1,1.01,1.01
another…another,1,1.01,1.01
wrinkled,1,1.01,1.01
clearly,1,1.01,1.01
virtual,1,1.01,1.01
remember,1,1.01,1.01
drugged,1,1.01,1.01
abducted,1,1.01,1.01
fairly,1,1.01,1.01
certain,1,1.01,1.01
crazy,1,1.01,1.01
present,1,1.01,1.01
contrary,1,1.01,1.01
logical,1,1.01,1.01
real-world,1,1.01,1.01
explanations,1,1.01,1.01
left…,1,1.01,1.01
Magic,1,1.01,1.01
believe,1,1.01,1.01
magic,1,1.01,1.01
hour,1,1.01,1.01
changed,1,1.01,1.01
outlook,1,1.01,1.01
existence,1,1.01,1.01
fantastical,1,1.01,1.01
rapidly,1,1.01,1.01
yet…there,1,1.01,1.01
summoning,1,1.01,1.01
portal,1,1.01,1.01
mystical,1,1.01,1.01
ritual,1,1.01,1.01
feeling,1,1.01,1.01
void,1,1.01,1.01
Heck,1,1.01,1.01
ding,1,1.01,1.01
indicate,1,1.01,1.01
wanted,1,1.01,1.01
wardrobe,1,1.01,1.01
clutched,1,1.01,1.01
impossible,1,1.01,1.01
gone,1,1.01,1.01
mental,1,1.01,1.01
depiction,1,1.01,1.01
padded,1,1.01,1.01
they’d,1,1.01,1.01
plausible,1,1.01,1.01
answer,1,1.01,1.01
sitting,1,1.01,1.01
cautiously,1,1.01,1.01
What,1,1.01,1.01
never,1,1.01,1.01
inn—or,1,1.01,1.01
exclusively,1,1.01,1.01
Wooden,1,1.01,1.01
beams,1,1.01,1.01
ceiling,1,1.01,1.01
leading,1,1.01,1.01
up…,1,1.01,1.01
Am,1,1.01,1.01
medieval,1,1.01,1.01
Some,1,1.01,1.01
fantasy,1,1.01,1.01
haunting,1,1.01,1.01
emptiness,1,1.01,1.01
struck,1,1.01,1.01
harder,1,1.01,1.01
pathetically,1,1.01,1.01
grateful,1,1.01,1.01
spot,1,1.01,1.01
structure,1,1.01,1.01
rolling,1,1.01,1.01
grasslands,1,1.01,1.01
full-speed,1,1.01,1.01
ill,1,1.01,1.01
ease,1,1.01,1.01
spacious,1,1.01,1.01
round,1,1.01,1.01
smaller,1,1.01,1.01
impression,1,1.01,1.01
bartender,1,1.01,1.01
polishing,1,1.01,1.01
mug,1,1.01,1.01
serving,1,1.01,1.01
lovely,1,1.01,1.01
cool,1,1.01,1.01
of—,1,1.01,1.01
slapped,1,1.01,1.01
lightly,1,1.01,1.01
thirsty,1,1.01,1.01
think,1,1.01,1.01
sneezed,1,1.01,1.01
disgusting,1,1.01,1.01
Someone,1,1.01,1.01
…I,1,1.01,1.01
guess,1,1.01,1.01
means,1,1.01,1.01
me,1,1.01,1.01
confidence,1,1.01,1.01
words,1,1.01,1.01
Why,1,1.01,1.01
bother,1,1.01,1.01
On,1,1.01,1.01
sure,1,1.01,1.01
sleep,1,1.01,1.01
choke,1,1.01,1.01
death,1,1.01,1.01
cough,1,1.01,1.01
raw,1,1.01,1.01
Plus,1,1.01,1.01
nice,1,1.01,1.01
raise,1,1.01,1.01
Besides,1,1.01,1.01
one’s,1,1.01,1.01
able,1,1.01,1.01
to…,1,1.01,1.01
Hide,1,1.01,1.01
Live,1,1.01,1.01
exactly,1,1.01,1.01
what’s,1,1.01,1.01
uncertainty,1,1.01,1.01
gripped,1,1.01,1.01
terrified,1,1.01,1.01
rather,1,1.01,1.01
telling,1,1.01,1.01
option,1,1.01,1.01
help,1,1.01,1.01
herself—panic,1,1.01,1.01
luxury,1,1.01,1.01
couldn’t,1,1.01,1.01
afford,1,1.01,1.01
fell,1,1.01,1.01
truth,1,1.01,1.01
cling,1,1.01,1.01
conscious,1,1.01,1.01
decision,1,1.01,1.01
goal,1,1.01,1.01
humble,1,1.01,1.01
ambition:,1,1.01,1.01
Find,1,1.01,1.01
Certainly,1,1.01,1.01
most,1,1.01,1.01
inspired,1,1.01,1.01
decisions,1,1.01,1.01
plan,1,1.01,1.01
based,1,1.01,1.01
action,1,1.01,1.01
clear,1,1.01,1.01
across,1,1.01,1.01
mop…,1,1.01,1.01
promising,1,1.01,1.01
cobwebs,1,1.01,1.01
Drat,1,1.01,1.01
Next,1,1.01,1.01
checked,1,1.01,1.01
kitchen,1,1.01,1.01
several,1,1.01,1.01
old,1,1.01,1.01
rusty,1,1.01,1.01
pans,1,1.01,1.01
pots,1,1.01,1.01
desired,1,1.01,1.01
Damn,1,1.01,1.01
Feeling,1,1.01,1.01
increasingly,1,1.01,1.01
grabbed,1,1.01,1.01
towed,1,1.01,1.01
set,1,1.01,1.01
collect,1,1.01,1.01
returned,1,1.01,1.01
upstairs,1,1.01,1.01
put,1,1.01,1.01
foot,1,1.01,1.01
gulped,1,1.01,1.01
Due,1,1.01,1.01
size,1,1.01,1.01
high,1,1.01,1.01
was…ominous,1,1.01,1.01
say,1,1.01,1.01
bones,1,1.01,1.01
gigantic,1,1.01,1.01
Cautiously,1,1.01,1.01
ascended,1,1.01,1.01
stair,1,1.01,1.01
groaned,1,1.01,1.01
loudly,1,1.01,1.01
placed,1,1.01,1.01
weight,1,1.01,1.01
upon,1,1.01,1.01
sounds,1,1.01,1.01
echoed,1,1.01,1.01
landmines—each,1,1.01,1.01
creak,1,1.01,1.01
sped,1,1.01,1.01
caught,1,1.01,1.01
can,1,1.01,1.01
whispered,1,1.01,1.01
keeping,1,1.01,1.01
to—to,1,1.01,1.01
wake,1,1.01,1.01
skipped,1,1.01,1.01
beat,1,1.01,1.01
halfway,1,1.01,1.01
slightly,1,1.01,1.01
There’s,1,1.01,1.01
don’t,1,1.01,1.01
know,1,1.01,1.01
be—more,1,1.01,1.01
there’s,1,1.01,1.01
Right,1,1.01,1.01
Hesitation,1,1.01,1.01
Another,1,1.01,1.01
scolded,1,1.01,1.01
thumped,1,1.01,1.01
painfully,1,1.01,1.01
shuddered,1,1.01,1.01
touched,1,1.01,1.01
lip,1,1.01,1.01
twinged,1,1.01,1.01
screaming,1,1.01,1.01
chased,1,1.01,1.01
Actually,1,1.01,1.01
Aliens,1,1.01,1.01
try,1,1.01,1.01
stab,1,1.01,1.01
knives,1,1.01,1.01
With,1,1.01,1.01
gazed,1,1.01,1.01
upwards,1,1.01,1.01
waited,1,1.01,1.01
Long,1,1.01,1.01
chipped,1,1.01,1.01
ominous,1,1.01,1.01
illusion,1,1.01,1.01
trick,1,1.01,1.01
wouldn’t,1,1.01,1.01
different,1,1.01,1.01
children,1,1.01,1.01
unknown,1,1.01,1.01
hesitated,1,1.01,1.01
climb,1,1.01,1.01
talking,1,1.01,1.01
quietly,1,1.01,1.01
muttered,1,1.01,1.01
word,1,1.01,1.01
mantra,1,1.01,1.01
Somehow,1,1.01,1.01
absolutely,1,1.01,1.01
continue,1,1.01,1.01
One,1,1.01,1.01
hardest,1,1.01,1.01
steps,1,1.01,1.01
jumped,1,1.01,1.01
underneath,1,1.01,1.01
sketchy,1,1.01,1.01
hurdle,1,1.01,1.01
corridor,1,1.01,1.01
entirely,1,1.01,1.01
new,1,1.01,1.01
level,1,1.01,1.01
intimidation,1,1.01,1.01
Even,1,1.01,1.01
adjusted,1,1.01,1.01
barely,1,1.01,1.01
five,1,1.01,1.01
front,1,1.01,1.01
committed,1,1.01,1.01
crept,1,1.01,1.01
inside,1,1.01,1.01
froze,1,1.01,1.01
Was,1,1.01,1.01
that…,1,1.01,1.01
rustling,1,1.01,1.01
imagination,1,1.01,1.01
hear,1,1.01,1.01
storm,1,1.01,1.01
passing,1,1.01,1.01
racket,1,1.01,1.01
roof,1,1.01,1.01
overhead,1,1.01,1.01
blowing,1,1.01,1.01
leaf—,1,1.01,1.01
Rustle,1,1.01,1.01
rustle,1,1.01,1.01
definitely,1,1.01,1.01
playing,1,1.01,1.01
drums,1,1.01,1.01
rat,1,1.01,1.01
Something—it,1,1.01,1.01
sounded,1,1.01,1.01
almost,1,1.01,1.01
leathery,1,1.01,1.01
wings,1,1.01,1.01
unfurling…,1,1.01,1.01
Dustragdustragdustragdustragdustra—,1,1.01,1.01
distance,1,1.01,1.01
thunder,1,1.01,1.01
rolled,1,1.01,1.01
gust,1,1.01,1.01
blew,1,1.01,1.01
Something,1,1.01,1.01
unfurled,1,1.01,1.01
flew,1,1.01,1.01
screamed,1,1.01,1.01
flailed,1,1.01,1.01
crashed,1,1.01,1.01
confusion,1,1.01,1.01
fought,1,1.01,1.01
attacking,1,1.01,1.01
pelting,1,1.01,1.01
wrapped,1,1.01,1.01
eventually,1,1.01,1.01
threw,1,1.01,1.01
scrambled,1,1.01,1.01
creature,1,1.01,1.01
was—,1,1.01,1.01
seconds,1,1.01,1.01
stared,1,1.01,1.01
hands,1,1.01,1.01
complete,1,1.01,1.01
shock,1,1.01,1.01
Once,1,1.01,1.01
stop,1,1.01,1.01
running,1,1.01,1.01
marathon,1,1.01,1.01
exhaled,1,1.01,1.01
Curtains,1,1.01,1.01
picked,1,1.01,1.01
studied,1,1.01,1.01
extent,1,1.01,1.01
detective,1,1.01,1.01
skills,1,1.01,1.01
curtain—or,1,1.01,1.01
Mildew,1,1.01,1.01
dirt,1,1.01,1.01
turned,1,1.01,1.01
okay,1,1.01,1.01
racing,1,1.01,1.01
fast,1,1.01,1.01
shudder,1,1.01,1.01
eerie,1,1.01,1.01
manner,1,1.01,1.01
window,1,1.01,1.01
stopped,1,1.01,1.01
make,1,1.01,1.01
many,1,1.01,1.01
details,1,1.01,1.01
keep,1,1.01,1.01
exploring,1,1.01,1.01
bottom,1,1.01,1.01
familiar,1,1.01,1.01
quickly,1,1.01,1.01
downstairs,1,1.01,1.01
Let’s,1,1.01,1.01
question,1,1.01,1.01
Aside,1,1.01,1.01
curtain…rag,1,1.01,1.01
raised,1,1.01,1.01
stumble,1,1.01,1.01
hacking,1,1.01,1.01
actual,1,1.01,1.01
task,1,1.01,1.01
fact,1,1.01,1.01
Mainly,1,1.01,1.01
push,1,1.01,1.01
side,1,1.01,1.01
rough,1,1.01,1.01
pass,1,1.01,1.01
while,1,1.01,1.01
turn,1,1.01,1.01
filled,1,1.01,1.01
again,1,1.01,1.01
rhythm,1,1.01,1.01
sense,1,1.01,1.01
top,1,1.01,1.01
high-quality,1,1.01,1.01
admired,1,1.01,1.01
faint,1,1.01,1.01
rich,1,1.01,1.01
after,1,1.01,1.01
removing,1,1.01,1.01
accommodate,1,1.01,1.01
twenty,1,1.01,1.01
time…or,1,1.01,1.01
fifteen,1,1.01,1.01
picky,1,1.01,1.01
elbow,1,1.01,1.01
done,1,1.01,1.01
barkeep’s,1,1.01,1.01
shelf,1,1.01,1.01
below,1,1.01,1.01
When,1,1.01,1.01
warmer,1,1.01,1.01
newly-clean,1,1.01,1.01
fading,1,1.01,1.01
Namely,1,1.01,1.01
natural,1,1.01,1.01
mop,1,1.01,1.01
pushing,1,1.01,1.01
As,1,1.01,1.01
such,1,1.01,1.01
piles,1,1.01,1.01
clumped,1,1.01,1.01
together,1,1.01,1.01
everywhere,1,1.01,1.01
kicked,1,1.01,1.01
pile,1,1.01,1.01
shrugged,1,1.01,1.01
compare,1,1.01,1.01
chairs…,1,1.01,1.01
results,1,1.01,1.01
your,1,1.01,1.01
dinner,1,1.01,1.01
cared,1,1.01,1.01
floors,1,1.01,1.01
Floors,1,1.01,1.01
sleeping,1,1.01,1.01
wiped,1,1.01,1.01
sweat,1,1.01,1.01
And—was,1,1.01,1.01
nightfall,1,1.01,1.01
sometime,1,1.01,1.01
efforts,1,1.01,1.01
ceased,1,1.01,1.01
visible,1,1.01,1.01
decreased,1,1.01,1.01
nearly,1,1.01,1.01
pitch,1,1.01,1.01
mass,1,1.01,1.01
scary,1,1.01,1.01
Great,1,1.01,1.01
reassuring,1,1.01,1.01
spotting,1,1.01,1.01
moonlight,1,1.01,1.01
smooth,1,1.01,1.01
tabletops,1,1.01,1.01
thus,1,1.01,1.01
safe,1,1.01,1.01
ever,1,1.01,1.01
proof,1,1.01,1.01
survival,1,1.01,1.01
Here,1,1.01,1.01
without,1,1.01,1.01
clue,1,1.01,1.01
move,1,1.01,1.01
Mom,1,1.01,1.01
happy,1,1.01,1.01
laughed,1,1.01,1.01
overcome,1,1.01,1.01
exhaustion,1,1.01,1.01
tomorrow,1,1.01,1.01
Probably,1,1.01,1.01
but…,1,1.01,1.01
eyelids,1,1.01,1.01
lowered,1,1.01,1.01
breathing,1,1.01,1.01
grew,1,1.01,1.01
slower,1,1.01,1.01
consciousness,1,1.01,1.01
last,1,1.01,1.01
Class,1,1.01,1.01
Obtained!],1,1.01,1.01
Level,1,1.01,1.01
1!],1,1.01,1.01
Cleaning,1,1.01,1.01
Cooking,1,1.01,1.01
…What,1,1.01,1.01
